,total,total,Max BC,LMICs_perc,LMICs_perc,lmic_ci
,mean,sum,mean,median,std,
bc_bin,,,,,,
q1,16.41860465116279,4236,46735.870638815664,7.69230769230769,7.586070581039264,0.22845200538769478
q2,19.55252918287938,5025,249289.98327548543,7.69230769230769,6.752283511872574,0.1866975880276379
q3,35.77431906614786,9194,648281.8329380851,7.14285714285714,6.1824049905327785,0.12637503026841046
q4,42.1124031007752,10865,2879280.962950649,6.66666666666666,5.56314017605236,0.10460711125811949
