,total,total,Max BC,LMICs_perc,LMICs_perc,lmic_ci
,mean,sum,mean,median,std,
bc_bin,,,,,,
q1,17.615384615384617,5725,27616.367864985605,5.4054054054054,5.69664557633016,0.14756641479593563
q2,20.709876543209877,6710,283185.7258344803,5.26315789473684,6.066140153128839,0.1451467284246149
q3,23.530864197530864,7624,939478.447829249,5.150309460654279,4.955971136157357,0.11124830325477571
q4,45.34461538461539,14737,4404333.730525042,5.26315789473684,4.727532676689297,0.07632838421621621
