,total,total,Max BC,LMICs_perc,LMICs_perc,lmic_ci
,mean,sum,mean,median,std,
bc_bin,,,,,,
q1,16.75,8777,72227.9361801964,16.66666666666666,9.825304060873371,0.20555546205665876
q2,23.17557251908397,12144,460261.12725484214,17.64705882352941,9.550392422921034,0.16986206875600973
q3,22.732824427480917,11912,1285287.6724167955,16.66666666666666,8.01352626811532,0.1439088139403292
q4,32.91984732824427,17250,6648859.514178527,16.66666666666666,7.875767823724147,0.11753153991565927
