,total,total,Max BC,LMICs_perc,LMICs_perc,lmic_ci
,mean,sum,mean,median,std,
bc_bin,,,,,,
q1,17.402948402948404,7083,28913.14192520937,5.55555555555555,6.181503333736326,0.14395990727687025
q2,19.72972972972973,8030,473174.6593092774,5.26315789473684,5.507541361237215,0.12046366333932185
q3,22.594594594594593,9196,1460208.3974042712,4.76190476190476,5.638870570563781,0.11525206523127846
q4,25.538083538083537,10394,5278083.723124807,5.12820512820512,5.237859915803634,0.10069747816229742
