,total,total,Max BC,LMICs_perc,LMICs_perc,lmic_ci
,mean,sum,mean,median,std,
bc_bin,,,,,,
q1,16.5048231511254,5133,28565.558608877338,8.33333333333333,8.047259161848011,0.2201498668992593
q2,19.3,5983,289307.3894210073,8.33333333333333,6.858127720213263,0.17378093867907904
q3,21.33225806451613,6613,1025232.3119575072,7.69230769230769,6.119802531309905,0.14750074671845667
q4,52.935483870967744,16410,4393309.202469244,8.33333333333333,6.3046395676019715,0.0964632842490813
