,total,total,Max BC,LMICs_perc,LMICs_perc,lmic_ci
,mean,sum,mean,median,std,
bc_bin,,,,,,
q1,17.414285714285715,3657,27624.60727941956,20.0,9.736203608474687,0.3155609382682081
q2,20.0,4180,204169.7481521033,18.75,10.165357896146984,0.3081701743746708
q3,21.071770334928228,4404,557466.2798008536,19.23076923076923,9.848924065479746,0.29088491870630484
q4,31.09090909090909,6498,2465606.4575519143,19.23076923076923,7.593558328028292,0.18463394580149825
