,total,total,Max CC,LMICs_perc,LMICs_perc,lmic_ci
,mean,sum,mean,median,std,
cc_bin,,,,,,
q1,16.972868217054263,4379,0.14032352134000237,7.846153846153845,7.735657593388452,0.22912149633458062
q2,19.556420233463037,5026,0.1508006370279538,6.66666666666666,6.143146157251418,0.1698383169218208
q3,34.46692607003891,8858,0.1587490185841828,7.14285714285714,6.639027822773508,0.13825878055245316
q4,42.85658914728682,11057,0.17329757790908365,7.269177767570044,5.497509414050244,0.10247157190297564
