,total,total,Avg CC,Avg CC,LMICs_perc,LMICs_perc,lmic_ci
,mean,sum,min,max,median,std,
cc_bin,,,,,,,
q1,23.132678132678134,9415,0.0755679221169846,0.1088997435853987,5.0,5.617461800917665,0.11347130172573074
q2,21.914004914004913,8919,0.1089058049422341,0.1194675565569409,5.26315789473684,5.686150329783681,0.11800932512825907
q3,22.383292383292382,9110,0.1194730543522414,0.1292969520072612,5.0,5.117500775352698,0.10508840488077902
q4,17.835380835380835,7259,0.1293107255055754,0.1610577798091923,5.55555555555555,6.116629073083957,0.1407115729363348
