,total,total,Max CC,LMICs_perc,LMICs_perc,lmic_ci
,mean,sum,mean,median,std,
cc_bin,,,,,,
q1,18.095823095823096,7365,0.16762573862240152,5.26315789473684,6.146258889035565,0.14037201856689732
q2,20.110565110565112,8185,0.17656383707468742,5.26315789473684,5.46998304182473,0.11850391802564728
q3,21.85995085995086,8897,0.18350517847092215,5.0,5.665576923215911,0.11772763414981866
q4,25.1990171990172,10256,0.1928177937853554,5.26315789473684,5.289946400165874,0.10238075711723171
