,total,total,Max CC,LMICs_perc,LMICs_perc,lmic_ci
,mean,sum,mean,median,std,
cc_bin,,,,,,
q1,16.861736334405144,5244,0.10807457427508907,7.69230769230769,7.734752105676106,0.20934911496125566
q2,19.89032258064516,6166,0.11607249854638059,8.695652173913041,6.971872169258194,0.17402182817310816
q3,21.129032258064516,6550,0.12195620449459095,8.33333333333333,6.745491949855017,0.16336125068566462
q4,52.19032258064516,16179,0.13049439687568087,8.472906403940884,5.9855620174713176,0.09223275236087598
