,total,total,Max CC,LMICs_perc,LMICs_perc,lmic_ci
,mean,sum,mean,median,std,
cc_bin,,,,,,
q1,17.057142857142857,3582,0.18242696337962833,21.42857142857142,10.127390374699194,0.33165827028050876
q2,19.894736842105264,4158,0.19428433588946456,20.0,9.29283157022872,0.2824632128356816
q3,23.16267942583732,4841,0.20379719595872436,18.75,9.438562242690535,0.26588532877767435
q4,29.464114832535884,6158,0.22174135832641484,18.75,8.515055537682137,0.2126785613893943
