,avg_bc,std_bc,median_bc,min_bc,max_bc,q1_bc,q3_bc
0,407301.9367528259,1286001.8844691203,0.0,0.0,8924645.072823437,0.0,137322.41725140275
1,576638.1309793165,2959685.5423003626,0.0,0.0,39561200.205395155,0.0,88228.0
