,total,total,Max DC,LMICs_perc,LMICs_perc,lmic_ci
,mean,sum,mean,median,std,
dc_bin,,,,,,
q1,17.058139534883722,4401,22.135658914728683,7.69230769230769,7.498473538783084,0.22154056058454438
q2,19.626459143968873,5044,37.87548638132296,7.14285714285714,6.646580276740439,0.18342848829643232
q3,34.735408560311285,8927,54.69260700389105,6.451612903225799,6.331306891583501,0.13133989633127907
q4,42.434108527131784,10948,130.98837209302326,7.4074074074074,5.603275448592117,0.10496165000890598
