,total,total,Max DC,LMICs_perc,LMICs_perc,lmic_ci
,mean,sum,mean,median,std,
dc_bin,,,,,,
q1,17.883076923076924,5812,45.79076923076923,5.26315789473684,5.618939665472531,0.14446000891860536
q2,28.114197530864196,9109,110.6141975308642,5.26315789473684,5.971484296444615,0.12263177513735059
q3,28.26851851851852,9159,391.14814814814815,5.26315789473684,4.888197789644351,0.10011077239889876
q4,32.972307692307695,10716,1161.3784615384616,5.55555555555555,5.009441836626972,0.09484819213322718
