,total,total,Max DC,LMICs_perc,LMICs_perc,lmic_ci
,mean,sum,mean,median,std,
dc_bin,,,,,,
q1,17.124045801526716,8973,34.3206106870229,16.66666666666666,10.147874723744579,0.20997245917172278
q2,23.885496183206108,12516,58.9942748091603,16.66666666666666,8.577678361057053,0.15027718508953686
q3,23.40267175572519,12263,104.89885496183206,16.19634340222575,8.349397537816358,0.14777904195764224
q4,31.166030534351144,16331,386.64694656488547,17.64705882352941,8.298468227503555,0.12727632223700283
