,total,total,Max DC,LMICs_perc,LMICs_perc,lmic_ci
,mean,sum,mean,median,std,
dc_bin,,,,,,
q1,17.442857142857143,3663,37.63333333333333,21.24060150375939,9.347465722000221,0.3027132935419431
q2,21.16267942583732,4423,67.69856459330144,20.0,10.127992847546007,0.2984839529678761
q3,22.363636363636363,4674,104.77033492822966,19.04761904761904,9.12080359037444,0.2614838200192428
q4,28.607655502392344,5979,204.91387559808612,18.75,8.877011990340893,0.225013513542399
